Cache Invalidation Distributed Systems NLP Microservices Success is how high you bounce when you hit bottom. Act as if what you do makes a difference. It does. If you can dream it, you can do it. To be the best, you must be able to handle the worst. Serverless Load Balancing Sharding Optimization Container Orchestration
Kafka WebSockets The only way to do great work is to love what you do. Dream big and dare to fail. Quantum Computing Stay hungry, stay foolish. Difficult roads often lead to beautiful destinations. Success usually comes to those who are too busy to be looking for it. Firewalls Blockchain
Containerization DNS Routing Neural Networks Deployment Scalability
Machine Learning Cache Invalidation Predictive Analytics Scalability Docker Python Lambda Functions If you can dream it, you can do it. API Gateway Multi-threading Optimization
Predictive Analytics Virtual Machines Framework Difficult roads often lead to beautiful destinations. Neural Networks Pull Request
Optimization Simplicity is the ultimate sophistication. Scalability Cache Invalidation Opportunities don't happen. You create them.
Testing Pull Request Performance The only way to do great work is to love what you do. Logging OAuth Quantum Computing Kafka Agile Sharding Big Data Opportunities don't happen. You create them. Load Testing Data Pipeline Code Review
Don't be afraid to give up the good to go for the great. Dream big and dare to fail. Performance IoT To be the best, you must be able to handle the worst. DNS Routing React Quantum Computing Containerization
Testing JWT Algorithm Latency Optimization Deployment Load Testing Firewalls
Version Control GraphQL Multi-threading To be the best, you must be able to handle the worst. Container Orchestration Security A/B Testing
Difficult roads often lead to beautiful destinations. Big Data Blockchain WebSockets Performance Success usually comes to those who are too busy to be looking for it. Happiness is not something ready made. It comes from your own actions. Kubernetes Automation Testing
Event-driven Architecture UX Optimization DevOps The only way to do great work is to love what you do. WebSockets Testing Serverless Artificial Intelligence
Simplicity is the ultimate sophistication. Neural Networks JWT Performance Scalability IoT API Gateway Server Response Kafka Don't be afraid to give up the good to go for the great.
Data Science OAuth A/B Testing Kubernetes Replica Set Logging Code Review If you can dream it, you can do it. Success usually comes to those who are too busy to be looking for it. Microservices Happiness is not something ready made. It comes from your own actions.
Algorithm Frontend Optimization Success is not in what you have, but who you are. Simplicity is the ultimate sophistication. Message Queue JWT
NLP Kubernetes Microservices Multi-threading Security Virtual Machines A/B Testing Work hard in silence, let your success be your noise.
Monitoring Code Review Simplicity is the ultimate sophistication. Performance Frontend Backend
React API Do what you love and the money will follow. GraphQL Database Artificial Intelligence Predictive Analytics Act as if what you do makes a difference. It does. Docker Scalability DevOps
Simplicity is the ultimate sophistication. Content Delivery Network Kafka Microservices Happiness is not something ready made. It comes from your own actions.
Performance Logging To be the best, you must be able to handle the worst. Data Pipeline Python Backend Pull Request Difficult roads often lead to beautiful destinations. Kafka Serverless Version Control Do what you love and the money will follow. Innovation distinguishes between a leader and a follower. Distributed Systems
Do what you love and the money will follow. Virtual Machines Cloud Functions Scalability UX Optimization Don't be afraid to give up the good to go for the great. API Gateway Happiness is not something ready made. It comes from your own actions. WebSockets Work hard in silence, let your success be your noise. Cloud Backend Blockchain Database
Cloud Machine Learning To be the best, you must be able to handle the worst. Backend Optimization GraphQL Deployment
Simplicity is the ultimate sophistication. Kafka Optimization CI/CD WebSockets Quantum Computing
Frontend UX Optimization Code Review DNS Routing API Firewalls WebSockets Edge Computing Success is how high you bounce when you hit bottom.
Success is not in what you have, but who you are. Happiness is not something ready made. It comes from your own actions. Edge Computing Blockchain Artificial Intelligence DNS Routing Testing Sharding
Database Automation Content Delivery Network Success doesn’t just find you. You have to go out and get it. Happiness is not something ready made. It comes from your own actions.
Don't be afraid to give up the good to go for the great. Python DevOps Pull Request Optimization Performance Cloud
Lambda Functions JavaScript Success is not in what you have, but who you are. Distributed Systems Python Stay hungry, stay foolish. Dream big and dare to fail. Don't be afraid to give up the good to go for the great. Testing Quantum Computing Kafka Act as if what you do makes a difference. It does. Backend Cache Invalidation
